City,Country,Date (Unix Timestamp),Latitude,Longitude,Max Temperature(F),Cloudiness(%),Humidity(%),Wind Speed(mph)
aberdeen,US,1529805180,45.47,-98.49,68,90,94,4.7
abnub,EG,1529805600,27.27,31.15,78.8,0,54,20.8
acari,BR,1529809248,-6.44,-36.64,67.9,8,87,11.34
adrar,DZ,1529805600,27.87,-0.29,82.4,0,18,8.05
adwa,ET,1529809337,14.16,38.9,54.04,48,95,2.51
agadez,NE,1529809293,16.97,7.99,73.57,68,74,9.55
ahipara,NZ,1529808024,-35.17,173.16,57.19,76,93,16.49
airai,TL,1529808059,-8.93,125.41,80.86,0,43,2.84
aitape,PG,1529808528,-3.15,142.36,80.5,64,100,3.62
ajdabiya,LY,1529809302,30.75,20.22,72.22,0,47,8.43
aklavik,CA,1529805600,68.22,-135.01,42.8,90,75,9.17
albany,US,1529806260,42.65,-73.75,60.8,90,87,3.36
aldama,MX,1529809331,22.92,-98.09,83.11,68,94,13.8
alekseyevskoye,RU,1529809281,45.2,43.58,74.47,36,38,5.75
almaznyy,RU,1529809233,48.03,40.04,73.21,88,62,7.76
alofi,NU,1529805600,-19.06,-169.92,80.6,68,69,16.11
aloleng,PH,1529809193,16.13,119.78,84.46,24,100,5.19
along,IN,1529808329,28.17,94.8,70.15,80,97,1.95
alta floresta,BR,1529809140,-9.87,-56.08,76.45,0,61,3.18
altamira,BR,1529809194,-3.2,-52.21,74.56,24,94,3.85
altay,CN,1529808169,47.83,88.13,66.64,0,49,2.28
alyangula,AU,1529809362,-13.85,136.42,79.51,32,84,15.03
amahai,ID,1529809107,-3.31,129,78.43,88,100,9.78
ambagarh chauki,IN,1529809319,20.78,80.75,84.91,24,76,11.56
ambilobe,MG,1529808340,-13.19,49.05,65.65,0,88,5.19
ambon,FR,1529807400,47.55,-2.56,59,0,72,6.93
anadyr,RU,1529805600,64.73,177.51,50,75,71,11.18
ancud,CL,1529808507,-41.87,-73.83,27.58,0,81,0.94
anloga,GH,1529805600,5.79,0.9,75.2,40,94,3.36
antalaha,MG,1529809270,-14.9,50.28,70.42,44,96,10.78
antofagasta,CL,1529805600,-23.65,-70.4,55.4,0,76,3.36
araouane,ML,1529808988,18.9,-3.53,81.67,36,24,2.73
areosa,PT,1529807400,41.72,-8.86,71.6,0,93,3.51
arles,FR,1529807400,43.68,4.63,68,0,48,6.93
arman,RU,1529807400,59.7,150.17,77,20,29,4.47
arraial do cabo,BR,1529808316,-22.97,-42.02,71.5,0,87,17.05
atar,MR,1529808378,20.52,-13.05,75.01,0,35,4.07
athabasca,CA,1529809239,54.72,-113.29,71.05,44,79,5.97
atuona,PF,1529807871,-9.8,-139.03,80.59,0,100,17.72
augusto correa,BR,1529809253,-1.02,-46.63,75.64,12,90,5.3
avarua,CK,1529805600,-21.21,-159.78,80.6,40,78,5.82
avera,US,1529805300,33.19,-82.53,80.6,1,83,3.36
axim,GH,1529808464,4.87,-2.24,76.72,92,100,6.87
aykhal,RU,1529809089,65.95,111.51,71.59,20,60,3.62
bahia blanca,AR,1529809255,-38.72,-62.27,35.41,0,80,12.24
bakchar,RU,1529809326,57.02,82.07,71.86,0,57,1.61
bambanglipuro,ID,1529809247,-7.95,110.28,78.16,88,88,7.2
bambous virieux,MU,1529805600,-20.34,57.76,73.4,75,64,10.29
banamba,ML,1529809305,13.55,-7.45,78.79,76,74,9.33
banda aceh,ID,1529809089,5.56,95.32,83.02,48,79,2.73
bandarbeyla,SO,1529808172,9.49,50.81,77.08,44,81,31.25
bandundu,CD,1529809351,-3.32,17.38,71.68,0,93,2.17
banmankhi,IN,1529809299,25.89,87.19,79.06,92,94,9.66
baracoa,CU,1529809272,20.35,-74.5,78.97,0,100,7.31
barrow,AR,1529808017,-38.31,-60.23,38.38,0,40,17.16
baruun-urt,MN,1529808541,46.68,113.28,73.66,88,56,13.24
basar,IN,1529807400,27.98,94.69,78.8,90,94,1.95
batagay-alyta,RU,1529809246,67.8,130.41,75.91,0,37,4.07
batavia,US,1529807520,43,-78.19,68,90,93,5.82
batemans bay,AU,1529809263,-35.71,150.18,54.49,0,82,4.85
bathsheba,BB,1529805600,13.22,-59.52,80.6,75,78,17.22
bay roberts,CA,1529805600,47.58,-53.28,53.6,75,46,33.33
baykit,RU,1529809050,61.68,96.39,74.02,0,64,4.41
belebey,RU,1529809264,54.12,54.12,68.26,0,58,6.87
beloha,MG,1529808457,-25.17,45.06,58.63,0,89,8.66
benguela,AO,1529809209,-12.58,13.4,68.53,88,100,1.61
berberati,CF,1529809317,4.26,15.79,66.64,32,98,2.84
berdigestyakh,RU,1529809299,62.1,126.7,67.72,80,65,3.62
bergen op zoom,NL,1529807100,51.5,4.29,57.2,90,100,2.24
beringovskiy,RU,1529808504,63.05,179.32,43.33,92,100,11.12
berlevag,NO,1529808518,70.86,29.09,44.59,68,95,14.81
bermeo,ES,1529807400,43.42,-2.72,57.2,0,87,4.7
bethel,US,1529805180,60.79,-161.76,55.4,75,58,9.17
beyneu,KZ,1529809364,45.32,55.19,77.98,0,28,4.41
bhilwara,IN,1529809343,25.35,74.64,86.08,8,69,8.43
bilibino,RU,1529809339,68.06,166.44,64.12,64,82,0.38
bilma,NE,1529808476,18.69,12.92,82.93,44,37,3.4
bima,ID,1529809331,-8.45,118.73,83.47,24,70,6.64
bintulu,MY,1529805600,3.17,113.03,73.4,90,100,2.24
birjand,IR,1529805600,32.86,59.22,73.4,0,17,9.17
blairmore,CA,1529805600,49.61,-114.44,59,90,82,9.17
bluff,AU,1529808046,-23.58,149.07,73.84,20,32,8.55
bonavista,CA,1529808491,48.65,-53.11,52.96,56,64,21.3
bonthe,SL,1529808386,7.53,-12.5,72.94,92,100,3.51
bosaso,SO,1529809039,11.28,49.18,89.23,64,86,15.14
brae,GB,1529806800,60.4,-1.35,51.8,92,93,14.99
bredasdorp,ZA,1529805600,-34.53,20.04,59,92,67,8.05
broken hill,AU,1529808455,-31.97,141.45,55.84,0,74,5.19
broome,GB,1529806800,52.47,1.45,51.8,48,87,2.24
buala,SB,1529808481,-8.15,159.59,77.53,68,100,6.76
bubaque,GW,1529809197,11.28,-15.83,79.24,92,100,11.01
bud,NO,1529806800,62.91,6.91,51.8,92,87,4.7
busselton,AU,1529808025,-33.64,115.35,60.07,0,100,7.54
butaritari,KI,1529808014,3.07,172.79,84.46,44,100,3.51
ca mau,VN,1529809309,9.18,105.15,87.43,64,81,11.45
caala,AO,1529809288,-12.85,15.56,38.2,0,76,2.06
cabo san lucas,MX,1529804640,22.89,-109.91,77,5,68,14.99
cairo,EG,1529807400,30.05,31.24,77,0,78,6.93
camabatela,AO,1529809321,-8.19,15.37,52.24,0,78,3.29
camacha,PT,1529807400,33.08,-16.33,66.2,40,82,11.41
camocim,BR,1529809256,-2.9,-40.84,78.61,0,75,13.02
camopi,GF,1529809235,3.17,-52.33,74.11,76,96,2.17
camrose,CA,1529807100,53.01,-112.84,71.6,75,64,5.82
cape town,ZA,1529805600,-33.93,18.42,51.8,75,100,5.82
carauari,BR,1529809320,-4.88,-66.9,75.82,36,90,3.4
caravelas,BR,1529808027,-17.73,-39.27,76.36,8,100,11.23
carnarvon,ZA,1529808198,-30.97,22.13,21.28,8,72,3.06
carutapera,BR,1529808271,-1.2,-46.02,80.05,44,82,8.77
caska,MK,1529807400,41.65,21.66,51.8,40,76,4.7
castro,CL,1529808021,-42.48,-73.76,28.39,56,100,2.95
catalina,CO,1529805600,8.86,-75.38,82.4,75,88,7.99
cedar city,US,1529805180,37.68,-113.06,87.8,1,5,16.11
chagoda,RU,1529809298,59.16,35.33,56.02,88,94,10.78
chalons-en-champagne,FR,1529807400,48.95,4.37,53.6,0,81,4.7
champerico,MX,1529805060,16.38,-93.6,80.6,90,69,2.06
changji,CN,1529808308,32.07,116.17,82.66,36,89,4.97
changli,CN,1529809367,30.54,105.42,87.34,56,79,5.3
chapleau,CA,1529809344,47.85,-83.4,64.66,32,46,9.44
charlestown,US,1529807760,41.38,-71.64,64.4,90,100,5.82
charters towers,AU,1529808549,-20.07,146.27,71.05,0,77,10.67
chebenki,RU,1529807400,51.93,55.71,66.2,0,52,11.18
chenzhou,CN,1529809305,25.81,113.03,87.34,32,77,10
cherskiy,RU,1529808323,68.75,161.3,60.16,80,44,5.3
chokurdakh,RU,1529807809,70.62,147.9,52.33,0,83,8.66
chumikan,RU,1529809098,54.72,135.31,52.06,0,80,3.96
chuy,UY,1529808054,-33.69,-53.46,48.19,0,96,16.93
cidreira,BR,1529808050,-30.17,-50.22,62.32,80,89,13.69
clyde river,CA,1529805600,70.47,-68.59,39.2,1,80,5.82
coahuayana,MX,1529808457,18.62,-100.35,64.12,76,95,2.17
cochrane,CL,1529809290,-47.25,-72.57,11.92,8,98,1.61
cockburn town,TC,1529808363,21.46,-71.14,81.22,0,99,21.52
codrington,AU,1529808234,-28.95,153.24,63.58,0,63,3.85
coihaique,CL,1529805600,-45.58,-72.07,35.6,75,69,3.36
college,US,1529805480,64.86,-147.8,68,76,37,6.93
colquechaca,BO,1529809260,-18.7,-66,31.81,0,68,1.5
columbus,US,1529807700,32.46,-84.99,84.2,1,100,2.28
comodoro rivadavia,AR,1529805600,-45.87,-67.48,37.4,0,47,10.29
concordia,AR,1529809371,-31.4,-58.02,49.9,0,80,18.72
conneaut,US,1529807760,41.95,-80.55,69.8,90,100,4.7
constitucion,MX,1529804460,23.99,-104.67,73.4,75,53,10.29
conway,US,1529807700,33.84,-79.05,84.2,1,74,5.82
copiapo,CL,1529805600,-27.37,-70.33,55.4,24,71,9.17
coquimbo,CL,1529805600,-29.95,-71.34,44.6,0,93,5.64
corleone,IT,1529805000,37.81,13.3,69.8,40,77,3.36
corn island,NI,1529809180,12.17,-83.04,82.57,80,99,17.16
cotnari,RO,1529807400,47.35,26.94,48.2,0,93,4.7
crossville,US,1529807700,35.95,-85.03,75.2,40,88,3.36
dali,CN,1529809159,25.6,100.24,71.95,92,74,1.95
darhan,MN,1529809307,49.49,105.92,66.55,56,53,7.65
darnah,LY,1529809356,32.77,22.64,76.27,0,98,13.02
datong,CN,1529808050,40.09,113.3,75.37,92,67,3.74
de-kastri,RU,1529809340,51.48,140.77,49.36,44,87,11.45
dedougou,BF,1529809349,12.47,-3.47,73.12,8,93,8.99
deniliquin,AU,1529809360,-35.53,144.96,47.02,12,100,5.41
deputatskiy,RU,1529808303,69.3,139.9,71.86,0,26,4.63
dezhou,CN,1529809319,37.45,116.31,89.95,56,50,15.26
dharchula,IN,1529808462,29.85,80.53,54.13,48,100,0.94
diamantino,BR,1529809243,-14.4,-56.44,63.31,0,77,2.62
dikson,RU,1529808309,73.51,80.55,32.26,76,98,12.24
dingle,PH,1529808490,11,122.67,82.57,56,93,3.74
dmanisi,GE,1529809253,41.33,44.2,60.16,8,87,2.73
doha,QA,1529807400,25.29,51.53,89.6,0,40,6.93
dolgorukovo,RU,1529809299,52.32,38.35,74.02,64,41,9.44
dongsheng,CN,1529808466,29.72,112.52,86.71,76,80,11.68
dorado,PR,1529805360,18.46,-66.27,77,1,88,9.17
dryden,CA,1529805600,49.79,-92.84,60.8,90,93,16.11
dudinka,RU,1529809330,69.41,86.18,68.89,36,89,8.88
dukat,RS,1529809261,42.44,22.31,39.46,0,91,1.72
dunedin,NZ,1529808441,-45.87,170.5,45.58,8,79,9.78
dutse,NG,1529809296,11.76,9.34,67.9,0,97,5.97
dwarka,IN,1529803800,28.58,77.04,93.2,75,38,4.7
dzerzhinskoye,RU,1529809215,56.84,95.22,74.56,0,57,7.43
east brainerd,US,1529807700,35,-85.15,75.2,68,94,3.36
east foothills,US,1529808000,37.38,-121.82,96.8,1,77,6.93
east london,ZA,1529808178,-33.02,27.91,63.58,0,100,23.31
eenhana,NA,1529805600,-17.48,16.34,55.4,0,50,3.36
egvekinot,RU,1529809018,66.32,-179.17,48.37,36,67,5.97
erenhot,CN,1529809152,43.65,111.97,72.76,88,74,15.03
escanaba,US,1529805360,45.75,-87.06,62.6,1,88,3.36
esperance,TT,1529805600,10.24,-61.45,78.8,40,94,11.41
evensk,RU,1529809018,61.92,159.24,55.66,20,71,8.99
faanui,PF,1529808028,-16.48,-151.75,80.59,8,100,13.58
fairbanks,US,1529805480,64.84,-147.72,68,76,37,6.93
fairmont,US,1529807700,40.64,-97.59,75.2,75,69,6.93
faya,SA,1529805600,18.39,42.45,68,0,22,1.61
ferrol,ES,1529807400,43.48,-8.23,66.2,0,82,2.17
flinders,AU,1529805600,-34.58,150.85,57.2,0,47,9.17
fort frances,CA,1529805300,48.61,-93.4,66.2,40,93,8.05
fort nelson,CA,1529805600,58.81,-122.69,77,75,33,13.87
fortuna,ES,1529805600,38.18,-1.13,71.6,0,73,4.7
frankfort,US,1529807700,38.2,-84.87,75.2,40,88,4.41
fukue,JP,1529807400,35.03,136.69,71.6,75,83,5.82
fukuma,JP,1529807400,33.77,130.47,82.4,40,54,9.17
gander,CA,1529805600,48.95,-54.61,57.2,75,62,5.82
gari,RU,1529809287,59.43,62.35,64.39,88,77,6.87
gat,SN,1529809052,14.69,-16.54,73.84,76,93,7.99
genhe,CN,1529809277,50.78,121.52,63.58,88,74,10.11
george,NG,1529805600,6.63,3.35,75.2,40,94,6.31
georgetown,GY,1529805600,6.8,-58.16,75.2,40,100,4.7
geraldton,CA,1529807280,49.72,-86.95,46.4,90,87,9.17
gerardmer,FR,1529807400,48.07,6.88,51.8,80,87,2.24
gigmoto,PH,1529809103,13.78,124.39,83.47,68,100,3.96
gillette,US,1529805180,44.29,-105.5,60.8,40,82,6.76
gizo,IL,1529806800,31.8,34.94,77,40,73,4.7
gorom-gorom,BF,1529809121,14.45,-0.24,73.84,48,87,3.06
gorontalo,ID,1529808994,0.54,123.06,83.83,20,74,2.73
graaff-reinet,ZA,1529809302,-32.25,24.53,30.91,0,72,2.28
grammichele,IT,1529806800,37.21,14.64,69.8,40,83,8.05
grand gaube,MU,1529805600,-20.01,57.66,73.4,75,64,10.29
guarapari,BR,1529805600,-20.67,-40.5,75.2,0,83,6.93
gubkinskiy,RU,1529809211,64.43,76.5,64.93,0,95,6.31
guerrero negro,MX,1529808305,27.97,-114.04,67.99,0,78,6.76
guilin,CN,1529805600,25.28,110.29,77,90,94,8.99
guiyang,CN,1529805600,26.58,106.71,69.8,90,100,2.24
gumia,IN,1529809289,23.8,85.83,88.42,32,71,7.99
haines junction,CA,1529808502,60.75,-137.51,55.66,32,40,2.62
half moon bay,US,1529805360,37.46,-122.43,98.6,1,46,13.87
halifax,CA,1529805600,44.65,-63.58,59,90,93,8.05
hambantota,LK,1529808032,6.12,81.12,78.61,24,100,10.56
hami,CN,1529809120,42.84,93.51,85.09,12,43,7.87
hamilton,BM,1529805300,32.3,-64.78,78.8,40,88,10.29
harper,US,1529806500,30.3,-99.24,93.2,1,51,10.29
hasaki,JP,1529805600,35.73,140.83,71.6,75,94,1.12
havelange,BE,1529807580,50.39,5.24,53.6,0,87,3.36
havre-saint-pierre,CA,1529805600,50.23,-63.6,53.6,90,81,3.36
henties bay,NA,1529808552,-22.12,14.28,53.23,0,100,6.98
hermanus,ZA,1529808255,-34.42,19.24,52.6,48,91,5.75
hervey bay,AU,1529808488,-25.3,152.85,63.67,92,100,7.2
hilo,US,1529805180,19.71,-155.08,80.6,90,61,10.29
hirara,JP,1529805600,24.8,125.28,86,75,79,16.11
hirschaid,DE,1529806800,49.82,10.99,51.8,0,93,1.12
hithadhoo,MV,1529808008,-0.6,73.08,81.67,64,100,5.86
hobart,AU,1529805600,-42.88,147.33,51.8,40,57,5.82
hofn,IS,1529808343,64.25,-15.21,48.82,36,93,8.66
hohenstein-ernstthal,DE,1529806800,50.8,12.71,51.8,92,87,6.93
hokitika,NZ,1529809178,-42.72,170.96,49.63,92,100,19.95
honiara,SB,1529806200,-9.43,159.96,73.4,90,100,2.24
horasan,TR,1529809194,40.04,42.16,49.45,92,100,2.95
horsens,DK,1529806800,55.86,9.84,53.6,44,87,13.87
hovd,NO,1529805000,63.83,10.7,50,75,93,14.99
hualmay,PE,1529809115,-11.1,-77.61,51.97,36,97,4.63
huarmey,PE,1529808320,-10.07,-78.15,50.71,0,92,3.4
huicungo,PE,1529809335,-7.28,-76.8,73.84,56,75,0.72
husavik,CA,1529808300,50.56,-96.99,72.31,20,71,13.69
ignacio zaragoza,MX,1529809297,28.57,-111.59,86.62,0,40,9.66
ihosy,MG,1529809293,-22.4,46.13,54.04,88,97,4.07
ikere,NG,1529809192,7.49,5.23,72.31,92,96,4.63
ilo,PE,1529808301,-17.65,-71.34,54.58,80,100,2.39
ilulissat,GL,1529805000,69.22,-51.1,37.4,75,99,6.93
imphal,IN,1529809170,24.8,93.94,77.44,56,89,1.95
inhambane,MZ,1529808010,-23.87,35.38,62.95,0,100,4.41
iqaluit,CA,1529805600,63.75,-68.52,41,75,75,13.87
isangel,VU,1529808314,-19.55,169.27,72.76,0,100,12.01
itaporanga,BR,1529809309,-7.3,-38.15,70.87,0,55,11.12
itarema,BR,1529808339,-2.92,-39.92,77.89,8,80,13.13
itoigawa,JP,1529809280,37.02,137.87,71.86,20,85,6.08
ixtapa,MX,1529804880,20.71,-105.21,82.4,90,83,9.17
jamestown,AU,1529808005,-33.21,138.6,56.29,0,48,6.2
jamsa,FI,1529806800,61.86,25.19,50,0,81,3.36
jawhar,IN,1529809187,19.91,73.23,73.48,92,100,4.85
jiayuguan,CN,1529809196,39.77,98.29,64.12,12,86,2.95
jiuquan,CN,1529809114,39.73,98.49,64.12,12,86,2.95
jumla,NP,1529809261,29.28,82.18,45.58,12,87,1.72
kabale,UG,1529809121,-1.26,29.99,47.83,8,100,2.62
kaeo,NZ,1529809118,-35.1,173.78,58.09,24,76,15.03
kaitangata,NZ,1529808020,-46.28,169.85,46.57,0,67,19.06
kalabo,ZM,1529809371,-15,22.67,56.56,56,50,8.77
kalmunai,LK,1529809037,7.42,81.82,81.31,8,89,7.99
kamenka,RU,1529808267,53.19,44.05,73.3,0,41,9.66
kangaatsiaq,GL,1529809032,68.31,-53.46,34.78,92,100,8.32
kapaa,US,1529805360,22.08,-159.32,84.2,40,69,19.46
kapit,MY,1529809333,2.02,112.94,71.77,92,100,1.72
karratha,AU,1529808026,-20.74,116.85,70.78,0,20,18.5
kasongo-lunda,CD,1529809369,-6.48,16.82,69.07,24,78,2.62
kastamonu,TR,1529809353,41.38,33.78,48.82,36,89,2.39
katangli,RU,1529809260,51.71,143.23,42.52,92,100,13.8
katsuura,JP,1529805600,33.93,134.5,77,75,65,10.29
kavaratti,IN,1529808553,10.57,72.64,80.86,48,100,18.05
kavieng,PG,1529808055,-2.57,150.8,83.74,32,100,0.94
kawalu,ID,1529808441,-7.38,108.21,70.96,80,95,1.39
kedougou,SN,1529809316,12.56,-12.19,71.77,12,93,6.53
keetmanshoop,NA,1529809240,-26.57,18.15,33.97,0,78,2.51
kenai,US,1529805360,60.55,-151.26,55.4,90,76,11.41
khair,IN,1529809368,27.94,77.84,98.59,32,33,5.97
khani,GE,1529807400,41.96,42.96,66.2,40,100,3.36
khatanga,RU,1529808004,71.98,102.47,53.86,68,86,11.01
khovu-aksy,RU,1529809210,51.13,93.72,75.01,0,24,0.72
khrisokhorafa,GR,1529809335,41.18,23.23,52.96,92,100,2.06
khurai,IN,1529809298,24.04,78.33,87.61,0,59,12.24
kibala,TD,1529809256,9.11,18.35,68.62,92,100,5.3
kieta,PG,1529809105,-6.22,155.63,73.57,92,100,2.39
kirakira,SB,1529808464,-10.46,161.92,79.51,80,100,17.49
kitale,KE,1529809190,1.02,35,55.3,88,95,2.84
kiunga,PG,1529809053,-6.12,141.3,74.65,92,98,2.84
klaksvik,FO,1529806800,62.23,-6.59,50,92,100,8.05
kluczbork,PL,1529809261,50.97,18.21,51.52,92,100,10.78
kodiak,US,1529805180,39.95,-94.76,77,1,69,5.82
komsomolskiy,RU,1529809104,67.55,63.78,55.66,0,72,11.34
kosikha,RU,1529809363,53.36,84.58,63.58,92,100,4.97
krasnoturansk,RU,1529807400,54.32,91.57,75.2,0,50,3.4
krasnyy yar,RU,1529809238,50.7,44.73,73.21,0,31,8.55
kruisfontein,ZA,1529808302,-34,24.73,61.24,36,84,22.19
kudahuvadhoo,MV,1529808057,2.67,72.89,82.75,68,100,7.43
kuito,AO,1529809355,-12.38,16.94,38.47,0,72,2.95
kunda,EE,1529809333,59.5,26.52,52.15,68,84,5.53
kununurra,AU,1529805600,-15.77,128.74,77,0,19,10.29
kutum,SD,1529809124,14.2,24.66,64.21,12,82,3.4
kuybysheve,UA,1529809281,47.36,36.65,65.74,80,95,8.55
kuybyshevo,UA,1529809360,44.63,33.86,66.55,36,100,17.72
kuytun,RU,1529809013,54.34,101.51,72.76,20,51,3.4
kvarkeno,RU,1529809227,52.08,59.73,69.61,0,52,9.89
kysyl-syr,RU,1529809227,63.9,122.77,73.75,80,44,3.62
la calera,CL,1529805600,-32.79,-71.2,44.6,40,93,2.95
la peca,PE,1529808514,-5.61,-78.44,63.22,32,95,1.83
la ronge,CA,1529805600,55.1,-105.3,66.2,75,72,12.75
labuan,BN,1529805600,5.28,115.24,84.2,75,83,5.82
labuhan,ID,1529809347,-2.54,115.51,81.94,56,77,4.18
lagoa,PT,1529807400,37.14,-8.45,68,0,88,2.24
laguna,MX,1529804400,27.52,-110.01,84.2,5,45,9.17
lahij,YE,1529809252,13.06,44.88,73.66,0,42,3.96
lakes entrance,AU,1529809348,-37.88,147.99,52.42,92,89,12.46
langsa,ID,1529809255,4.47,97.97,76.72,92,82,2.62
lasa,CY,1529807400,34.92,32.53,73.4,20,88,5.82
lata,IN,1529808532,30.78,78.62,67.27,0,77,0.94
launceston,AU,1529807400,-41.43,147.14,50,90,66,9.17
lavrentiya,RU,1529808046,65.58,-170.99,39.37,68,92,8.43
le port,FR,1529809307,42.87,1.37,45.67,44,88,1.16
lebu,ET,1529808024,8.96,38.73,51.97,64,71,2.39
leh,IN,1529809020,34.16,77.58,31.54,80,100,1.83
leningradskiy,RU,1529808031,69.38,178.42,33.7,20,92,13.35
les cayes,HT,1529809036,18.19,-73.75,80.23,76,100,17.72
leshukonskoye,RU,1529809364,64.9,45.76,63.04,12,58,3.51
lima,PE,1529809207,-12.06,-77.04,52.42,12,88,2.39
limulunga,ZM,1529809345,-15.13,23.15,60.52,44,43,9.66
litovko,RU,1529809324,49.24,135.18,52.51,92,86,5.97
liverpool,GB,1529806800,53.41,-2.98,53.6,0,87,5.82
lobito,AO,1529809241,-12.35,13.55,55.57,0,80,2.62
lompoc,US,1529807700,34.64,-120.46,69.8,90,93,4.7
longyan,CN,1529809188,25.1,117.03,79.69,64,80,2.62
longyearbyen,NO,1529805000,78.22,15.63,46.4,0,49,11.41
lorengau,PG,1529808538,-2.02,147.27,82.12,64,100,4.18
lovozero,RU,1529808997,68.01,35.02,49.09,68,79,9.44
luanda,AO,1529808503,-8.83,13.24,70.96,88,100,3.06
lubango,AO,1529809340,-14.92,13.49,46.84,0,70,2.95
luderitz,NA,1529808045,-26.65,15.16,47.38,0,93,12.8
lukovetskiy,RU,1529807400,64.29,41.92,59,0,67,4.47
luoyang,CN,1529809183,34.66,112.42,84.37,0,69,7.54
luyang,CN,1529805600,31.88,117.26,82.4,56,74,6.71
lyuban,BY,1529809248,52.8,28,52.42,92,99,10.45
mabaruma,GY,1529809062,8.2,-59.78,74.29,76,100,4.63
mago,RU,1529809311,53.27,140.15,48.91,64,80,6.08
mahebourg,MU,1529805600,-20.41,57.7,73.4,75,64,10.29
makakilo city,US,1529805420,21.35,-158.09,84.2,20,54,14.99
malanje,AO,1529809208,-9.54,16.35,53.14,20,73,2.73
malard,IR,1529807400,35.67,50.98,78.8,0,27,7.09
maldonado,UY,1529805600,-34.91,-54.96,48.2,0,92,19.46
manado,ID,1529809200,1.49,124.85,91.4,20,52,2.24
manaus,BR,1529805600,-3.13,-59.98,80.6,0,78,2.24
mandan,US,1529805120,46.83,-100.89,69.8,1,73,6.93
mangrol,IN,1529809231,25.33,76.51,88.69,0,60,12.01
maniitsoq,GL,1529808330,65.42,-52.9,35.77,44,90,4.63
maningrida,AU,1529809016,-12.05,134.23,81.94,0,67,16.26
mantua,IT,1529806800,45.16,10.79,62.6,0,76,5.82
mar del plata,AR,1529807975,-46.43,-67.52,34.69,0,90,13.91
maragogi,BR,1529808336,-9.01,-35.22,74.74,0,90,10.45
maralal,KE,1529809355,1.1,36.7,57.91,68,97,2.95
maramba,ID,1529809338,-2.58,120.81,72.94,24,85,2.06
marawi,PH,1529809361,8,124.29,77.62,64,86,3.18
margate,AU,1529805600,-43.03,147.26,51.8,40,57,5.82
markova,RU,1529807400,52.21,104.21,71.6,0,49,6.71
marrakesh,MA,1529807400,31.63,-7.99,64.4,0,77,8.05
marystown,CA,1529809241,47.17,-55.16,48.73,76,85,13.35
marzuq,YE,1529809364,14.4,46.47,66.91,0,32,0.72
matara,PE,1529808311,-13.74,-72.9,27.04,0,78,1.95
mataura,NZ,1529808055,-46.19,168.86,45.58,0,76,15.26
maumere,ID,1529808445,-8.63,122.22,83.02,24,97,8.43
maun,BW,1529805600,-19.99,23.42,55.4,0,50,9.17
mbalmayo,CM,1529805600,3.52,11.5,68,75,100,1.61
mbandaka,CD,1529809220,0.05,18.26,70.06,56,100,2.62
meadow lake,CA,1529809153,54.13,-108.44,72.58,44,55,5.41
mehamn,NO,1529808437,71.03,27.85,43.33,92,98,17.05
melioratorov,RU,1529807400,57.21,65.61,59,75,87,11.18
merauke,ID,1529809345,-8.49,140.4,83.92,56,73,16.49
meulaboh,ID,1529808545,4.14,96.13,81.04,64,100,2.73
mezen,RU,1529808344,65.85,44.24,60.79,0,73,2.95
middleton,CA,1529807220,44.94,-65.07,62.6,75,72,3.36
milkovo,BG,1529807400,41.53,24.68,62.6,92,51,11.41
mitsamiouli,KM,1529808982,-11.38,43.28,78.43,8,95,11.01
mitu,IR,1529808475,36.2,46.09,53.23,0,64,2.17
mizdah,LY,1529809279,31.45,12.98,62.14,0,66,2.95
mogzon,RU,1529809228,51.74,111.97,63.67,68,80,5.19
monrovia,LR,1529808329,6.33,-10.8,72.31,92,98,2.51
moron,VE,1529805600,10.49,-68.2,75.2,75,88,1.61
mosquera,CO,1529805600,4.71,-74.23,57.2,40,71,4.7
mount darwin,ZW,1529808550,-16.77,31.58,47.29,8,88,2.95
mount gambier,AU,1529808030,-37.83,140.78,50.44,88,95,3.18
mount isa,AU,1529805600,-20.73,139.49,77,56,36,10.29
mount pleasant,US,1529807700,33.16,-94.97,86,1,69,6.98
mpongwe,ZM,1529809249,-13.51,28.16,55.12,0,73,8.21
muravlenko,RU,1529809256,63.79,74.5,63.58,0,93,7.43
muros,ES,1529807400,42.77,-9.06,66.2,0,93,5.82
muyezerskiy,RU,1529809334,63.93,31.65,55.12,36,65,4.41
naerbo,NO,1529805000,58.67,5.65,51.8,75,93,8.05
najran,SA,1529805600,17.54,44.22,77,5,17,6.93
nakhon pathom,TH,1529807400,13.82,100.06,86,40,70,8.05
namatanai,PG,1529808016,-3.66,152.44,80.59,64,100,5.86
namibe,AO,1529808313,-15.19,12.15,69.61,0,99,3.85
nanortalik,GL,1529808058,60.14,-45.24,35.59,88,100,8.1
nantucket,US,1529808120,41.28,-70.1,62.6,90,100,3.36
nara,JP,1529807400,34.68,135.8,77,75,83,6.93
narasannapeta,IN,1529809366,18.42,84.04,84.46,92,80,7.43
narsaq,GL,1529805000,60.91,-46.05,41,75,80,2.24
naryan-mar,RU,1529809030,67.67,53.09,56.92,20,73,9.22
natal,BR,1529805600,-5.81,-35.21,75.2,40,83,10.29
naze,NG,1529808298,5.43,7.07,71.14,92,99,2.39
ndjole,GA,1529809265,-0.18,10.76,71.23,88,97,2.95
nemuro,JP,1529805600,43.32,145.57,73.4,40,69,4.7
new norfolk,AU,1529805600,-42.78,147.06,51.8,40,57,5.82
nikolskoye,RU,1529805600,59.7,30.79,60.8,0,55,6.71
nioro,GM,1529809262,13.79,-15.05,77.62,32,72,10.67
nome,US,1529806500,30.04,-94.42,82.4,40,83,4.7
norman wells,CA,1529805600,65.28,-126.83,69.8,75,52,21.92
north platte,US,1529805180,41.12,-100.77,77,1,57,6.93
north vernon,US,1529805180,39.01,-85.62,71.6,75,88,4.63
nouadhibou,MR,1529805600,20.93,-17.03,66.2,0,82,16.11
noumea,NC,1529807400,-22.28,166.46,75.2,75,53,5.82
novopskov,UA,1529809301,49.54,39.1,72.76,92,60,6.64
nsanje,MZ,1529809358,-16.92,35.26,58.81,76,91,2.62
nuevo progreso,US,1529807700,26.05,-97.95,87.8,1,79,13.87
nuuk,GL,1529805000,64.17,-51.74,41,68,80,9.17
nyurba,RU,1529808028,63.29,118.35,73.12,0,68,3.51
nyzhni sirohozy,UA,1529809287,46.85,34.38,58.81,0,78,15.37
oistins,BB,1529805600,13.07,-59.53,80.6,75,78,17.22
okara,PK,1529809351,30.81,73.45,92.74,8,57,4.52
okhotsk,RU,1529808485,59.36,143.24,58.09,88,74,5.41
oktyabrskiy,RU,1529807400,55.61,37.97,69.8,0,60,11.18
oktyabrskoye,RU,1529808315,56.73,85.44,65.56,44,95,3.4
ola,RU,1529807400,59.58,151.3,77,20,29,4.47
omboue,GA,1529808015,-1.57,9.26,74.29,92,100,7.31
ornskoldsvik,SE,1529806800,63.29,18.72,44.6,0,65,11.41
ostrovnoy,RU,1529809060,68.05,39.51,56.83,0,67,17.49
ovalle,CL,1529809342,-30.6,-71.2,49.72,92,100,3.4
oxbow,CA,1529808360,49.23,-102.17,64.4,75,93,13.47
ozinki,RU,1529809329,51.2,49.73,74.47,0,46,3.51
paamiut,GL,1529808181,61.99,-49.67,37.39,44,100,3.62
pacific grove,US,1529807700,36.62,-121.92,62.6,1,72,21.92
padang,ID,1529808200,-0.92,100.36,83.56,88,100,5.41
paducah,US,1529807700,37.08,-88.6,77,75,94,7.09
pahrump,US,1529805480,36.21,-115.98,105.8,1,2,13.87
palaikastron,GR,1529809329,35.2,26.25,75.73,0,97,17.72
palana,RU,1529809280,59.08,159.95,67.18,0,55,0.94
pangnirtung,CA,1529809143,66.15,-65.72,30.37,48,95,1.39
paracuaro,MX,1529806080,20.14,-100.76,62.6,90,93,5.82
petropavlovsk-kamchatskiy,RU,1529805600,53.05,158.65,51.8,20,76,11.18
pevek,RU,1529808014,69.7,170.27,45.04,12,67,10.56
phalodi,IN,1529809348,27.13,72.36,94.63,0,47,10
piranshahr,IR,1529809181,36.7,45.14,54.94,0,53,1.61
pisco,PE,1529805600,-13.71,-76.2,60.8,90,87,10.29
pizarro,CO,1529809260,4.95,-77.37,75.37,88,100,3.18
pochutla,MX,1529804700,15.74,-96.47,82.4,90,74,3.4
ponta do sol,BR,1529808041,-20.63,-46,61.24,24,72,3.96
port alfred,ZA,1529807885,-33.59,26.89,62.59,0,89,19.73
port augusta,AU,1529805600,-32.49,137.76,59,0,62,6.93
port blair,IN,1529808444,11.67,92.75,82.66,76,100,17.83
port charlotte,US,1529807700,26.98,-82.09,84.2,1,74,6.42
port elizabeth,US,1529806260,39.31,-74.98,71.6,90,100,6.93
port hedland,AU,1529805600,-20.31,118.58,71.6,0,21,25.28
port keats,AU,1529809200,-14.25,129.55,81.31,0,44,14.03
port lincoln,AU,1529808315,-34.72,135.86,57.46,76,97,11.12
portland,US,1529805360,45.52,-122.67,75.2,20,44,8.05
porto novo,BR,1529805600,-23.68,-45.44,69.8,40,64,3.36
porto velho,BR,1529805600,-8.75,-63.87,75.2,0,73,2.62
prainha,BR,1529809346,-1.8,-53.48,75.01,0,96,2.84
privodino,RU,1529809324,61.08,46.5,66.55,0,61,3.96
privolnaya,RU,1529809311,46.14,38.7,70.78,92,85,11.01
providencia,CO,1529809271,1.24,-77.6,52.51,48,90,1.5
provideniya,RU,1529808037,64.42,-173.23,40.72,88,100,11.45
provo,US,1529807700,40.23,-111.66,80.6,1,23,16.11
pudem,RU,1529809264,58.3,52.17,70.24,24,60,4.63
puerto ayora,EC,1529808050,-0.74,-90.35,71.5,12,99,10.67
puerto baquerizo moreno,EC,1529809337,-0.9,-89.6,72.49,92,100,11.45
puerto escondido,MX,1529804700,15.86,-97.07,82.4,90,74,6.42
puksoozero,RU,1529809308,62.59,40.61,62.41,100,50,4.63
pulupandan,PH,1529809246,10.52,122.82,83.11,64,90,3.29
punta arenas,CL,1529805600,-53.16,-70.91,33.8,90,100,11.41
puri,ID,1529805600,-7.54,112.45,84.2,20,70,8.05
qaanaaq,GL,1529808012,77.48,-69.36,32.62,56,93,4.29
qandala,SO,1529809363,11.47,49.87,78.25,76,67,4.18
qaqortoq,GL,1529805000,60.72,-46.03,41,75,80,2.24
qingyuan,CN,1529809286,27.62,119.06,84.28,80,70,2.73
quatre cocos,MU,1529805600,-20.21,57.76,73.4,75,64,10.29
raudeberg,NO,1529806800,61.99,5.14,51.8,88,93,4.7
rawson,AR,1529808242,-43.3,-65.11,27.22,0,52,9.66
razole,IN,1529809184,16.48,81.84,81.67,92,100,19.17
rena,NO,1529809222,61.13,11.37,45.76,0,84,2.17
ribeira grande,PT,1529808051,38.52,-28.7,70.69,92,100,4.97
richards bay,ZA,1529808332,-28.77,32.06,53.86,0,83,3.4
rikitea,PF,1529808011,-23.12,-134.97,76.54,12,100,12.68
rio gallegos,AR,1529805600,-51.62,-69.22,33.8,90,100,14.99
rio grande,BR,1529809015,-32.03,-52.1,53.86,92,98,13.47
ritchie,ZA,1529805600,-29.03,24.6,37.4,0,55,4.7
riyadh,SA,1529805600,24.63,46.72,80.6,0,28,4.7
rocha,UY,1529808036,-34.48,-54.34,45.94,8,78,13.02
roma,IT,1529806800,41.89,12.48,64.4,20,77,6.93
romodanovo,RU,1529809300,54.42,45.33,75.64,0,68,3.18
rudnichnyy,RU,1529809274,59.7,60.29,65.38,36,63,7.43
rumphi,MW,1529809349,-11.02,33.86,45.4,0,92,2.73
ryotsu,JP,1529805600,38.08,138.43,78.8,40,50,19.46
sabha,LY,1529808338,27.03,14.43,80.41,0,33,14.7
sadovo,BG,1529807400,42.13,24.94,60.8,92,51,11.41
saint anthony,US,1529805840,43.97,-111.68,59,90,62,3.36
saint george,GR,1529805000,39.45,22.34,69.8,75,68,5.82
saint-augustin,FR,1529805600,44.83,-0.61,62.6,0,59,4.7
saint-francois,FR,1529807400,46.42,3.91,50,0,87,1.12
saint-georges,CA,1529808299,46.12,-70.67,60.88,92,76,1.83
saint-philippe,CA,1529806740,45.36,-73.48,62.6,90,87,4.7
saint-pierre,FR,1529805600,48.95,4.24,53.6,0,81,3.36
salalah,OM,1529805000,17.01,54.1,80.6,75,88,8.05
saldanha,PT,1529808007,41.42,-6.55,61.33,0,70,4.74
salisbury,GB,1529805360,51.07,-1.8,57.2,8,71,3.36
sam phran,TH,1529807400,13.72,100.22,86,40,70,8.05
sambava,MG,1529808031,-14.27,50.17,74.02,88,100,19.17
san andres,PH,1529809194,13.32,122.68,81.4,36,100,4.18
san carlos de bariloche,AR,1529805600,-41.13,-71.31,28.4,0,68,4.7
san cristobal,EC,1529805600,-0.39,-78.55,51.8,20,81,11.41
san juan,PR,1529805360,18.47,-66.12,78.8,1,88,9.17
san luis de la paz,MX,1529809182,21.3,-100.52,57.91,44,95,1.61
san patricio,PY,1529808319,-26.98,-56.83,67.99,92,93,3.4
san quintin,PH,1529805600,17.54,120.52,87.8,75,62,4.7
san vicente de canete,PE,1529809303,-13.08,-76.38,53.23,8,94,1.16
sangar,RU,1529809360,63.92,127.47,64.57,64,77,3.96
sangmelima,CM,1529809347,2.93,11.98,68.89,92,97,2.17
santa cruz,US,1529805720,36.97,-122.03,96.8,75,82,9.17
santa cruz cabralia,BR,1529805600,-16.28,-39.02,73.4,0,88,1.12
santa isabel do rio negro,BR,1529808299,-0.41,-65.02,71.86,48,100,3.29
santa maria,BR,1529805600,-29.69,-53.81,55.4,90,82,6.93
sao filipe,CV,1529808445,14.9,-24.5,72.49,0,100,12.01
sao joao batista,BR,1529809358,-3.13,-58.38,77.17,56,87,3.74
sao joao da barra,BR,1529808304,-21.64,-41.05,74.56,0,96,21.41
sao jose da coroa grande,BR,1529809003,-8.9,-35.15,74.74,0,90,10.45
sarkand,KZ,1529809232,45.41,79.91,80.59,48,42,4.52
saryozek,KZ,1529809351,44.36,77.98,79.87,32,25,5.97
saskylakh,RU,1529808055,71.97,114.09,65.38,56,100,4.63
saurimo,AO,1529809019,-9.66,20.4,56.29,0,45,4.52
savinka,RU,1529809288,50.08,47.1,74.11,0,53,3.18
sawankhalok,TH,1529805600,17.31,99.83,84.2,40,70,5.82
senador jose porfirio,BR,1529809366,-2.59,-51.95,75.64,8,100,4.63
serebryansk,KZ,1529807400,49.68,83.3,75.2,75,60,6.71
severo-kurilsk,RU,1529808032,50.68,156.12,46.03,68,91,14.03
severo-yeniseyskiy,RU,1529809197,60.37,93.04,76.54,0,53,5.3
shache,CN,1529809341,38.42,77.24,74.02,12,45,4.41
shambu,ET,1529809235,9.57,37.1,51.52,92,100,2.73
shaowu,CN,1529809133,27.34,117.49,75.91,92,93,1.5
shaping,CN,1529809186,29.23,103.26,67.99,92,99,0.94
shaunavon,CA,1529809219,49.65,-108.41,64.3,20,91,7.99
shelburne,CA,1529806380,44.08,-80.2,64.4,90,88,2.24
shelbyville,US,1529807700,39.41,-88.79,71.6,1,94,4.63
shellbrook,CA,1529805600,53.22,-106.39,62.6,90,82,13.87
shenjiamen,CN,1529808511,29.96,122.3,74.29,92,100,3.74
shieli,KZ,1529809244,44.18,66.74,79.51,64,25,7.76
shimoda,JP,1529805600,34.7,138.93,73.4,75,94,11.41
shingu,JP,1529805600,33.72,135.99,77,75,73,14.99
shitanjing,CN,1529809257,39.23,106.34,77.44,20,46,2.73
sicamous,CA,1529805600,50.84,-118.99,66.2,1,82,5.82
sidi ali,DZ,1529809271,36.1,0.42,71.59,56,58,2.39
sikeston,US,1529807700,36.88,-89.59,80.6,75,88,3.36
simoes,BR,1529809313,-7.6,-40.82,73.12,0,57,15.93
sitka,US,1529808461,37.17,-99.65,77.08,0,73,11.56
smidovich,RU,1529809238,48.6,133.81,61.69,68,77,3.4
soanierana ivongo,MG,1529809350,-16.92,49.59,71.59,92,100,7.87
sol-iletsk,RU,1529809303,51.16,55,69.43,0,45,7.2
sola,FI,1529806800,62.78,29.36,50,0,93,3.62
solnechnyy,RU,1529809211,50.72,136.64,52.51,68,85,7.43
soma,JP,1529805600,37.8,140.92,78.8,40,47,13.87
sorong,ID,1529808487,-0.86,131.25,81.94,8,100,4.63
souillac,FR,1529805600,45.6,-0.6,60.8,0,63,2.24
spring hill,US,1529807700,28.46,-82.54,84.2,1,88,6.64
srednekolymsk,RU,1529808320,67.46,153.71,65.47,12,53,5.86
sri aman,MY,1529805600,1.24,111.46,82.4,75,88,2.24
steinau,DE,1529806800,49.75,8.79,51.8,0,87,3.36
sterling,US,1529808720,39,-77.4,73.4,40,100,5.86
strezhevoy,RU,1529807400,60.73,77.6,57.2,75,93,11.18
sudak,UA,1529809304,44.85,34.97,64.12,44,100,10.89
sur,OM,1529808499,22.57,59.53,88.96,24,84,2.62
synya,RU,1529809277,65.37,58.04,67.27,8,74,3.85
ta khmau,KH,1529807400,11.48,104.95,89.6,40,62,9.17
tabuk,PH,1529809046,17.41,121.44,77.8,64,84,2.06
tacuarembo,UY,1529809315,-31.73,-55.98,45.22,0,89,13.24
talnakh,RU,1529808382,69.49,88.39,62.68,0,61,5.19
taoudenni,ML,1529808486,22.68,-3.98,72.49,0,18,4.63
tarabuco,BO,1529809199,-19.18,-64.92,46.21,76,91,2.73
tari,NG,1529809325,12.41,4.49,74.29,12,93,6.2
tasiilaq,GL,1529805000,65.61,-37.64,39.2,68,86,9.17
tateyama,JP,1529805600,36.66,137.31,80.6,20,54,6.93
tautira,PF,1529807400,-17.73,-149.15,84.2,20,62,6.93
tawang,BT,1529809254,27.59,91.87,59.89,64,65,1.61
te anau,NZ,1529808056,-45.41,167.72,38.29,20,88,10.67
teguldet,RU,1529809342,57.31,88.17,77.71,0,54,3.85
teruel,ES,1529807400,40.34,-1.11,66.2,0,82,2.39
teshie,GH,1529805600,5.58,-0.11,75.2,0,94,8.05
tessalit,ML,1529808008,20.2,1.01,77.89,36,24,5.3
the pas,CA,1529805600,53.82,-101.24,66.2,75,68,8.05
the valley,AI,1529805600,18.22,-63.06,80.6,20,74,16.11
thompson,CA,1529805600,55.74,-97.86,71.6,20,24,5.82
tiarei,PF,1529807400,-17.53,-149.33,84.2,20,62,6.93
tiksi,RU,1529808058,71.64,128.87,77.8,20,46,4.18
timiryazevskoye,RU,1529809331,56.49,84.88,67.63,36,82,3.06
toamasina,MG,1529805600,-18.17,49.38,68,75,94,6.93
tocopilla,CL,1529809116,-22.09,-70.2,55.84,36,100,3.51
togur,RU,1529809354,58.36,82.83,67.36,20,79,4.29
tomatlan,MX,1529808010,19.93,-105.25,77.8,20,71,3.06
tommot,RU,1529809245,58.97,126.27,66.73,68,65,1.95
tongren,CN,1529808499,27.72,109.18,73.21,92,100,3.62
torbay,CA,1529805600,47.66,-52.73,53.6,75,46,33.33
tornio,FI,1529806800,61.12,27.27,51.8,0,93,5.82
torquay,GB,1529809319,50.47,-3.52,55.75,8,88,5.19
torrijos,ES,1529809202,39.98,-4.28,65.11,0,70,4.52
touros,BR,1529808267,-5.2,-35.46,74.29,88,99,11.34
trairi,BR,1529809236,-3.28,-39.27,81.31,20,98,22.86
tuatapere,NZ,1529808450,-46.13,167.69,44.14,32,100,16.49
tuktoyaktuk,CA,1529806260,69.44,-133.03,35.6,90,93,13.87
tulum,MX,1529808480,20.21,-87.46,78.8,40,88,4.97
tungor,RU,1529809357,53.39,142.95,49.81,76,97,12.68
tura,IN,1529809301,25.52,90.21,79.42,64,97,3.62
tyup,KG,1529809199,42.73,78.36,61.69,20,46,2.17
udachnyy,RU,1529808551,66.42,112.4,72.76,64,52,3.18
uglovskoye,RU,1529809223,51.36,80.19,68.44,24,82,6.2
uige,AO,1529809229,-7.61,15.06,57.01,0,86,1.95
ulaanbaatar,MN,1529807400,47.92,106.92,62.6,75,55,13.42
ulladulla,AU,1529805600,-35.36,150.48,57.2,0,47,9.17
umtata,ZA,1529805600,-31.59,28.78,46.4,0,65,6.93
upernavik,GL,1529808013,72.79,-56.15,29.83,76,100,4.07
upington,ZA,1529805600,-28.46,21.24,35.6,0,80,4.7
urengoy,RU,1529809296,65.96,78.37,67.54,20,100,9.78
uruacu,BR,1529808522,-14.52,-49.14,58.45,0,74,2.73
ushuaia,AR,1529805600,-54.81,-68.31,28.4,0,86,4.7
ust-kuyga,RU,1529809366,70,135.55,74.65,0,41,4.52
uvat,RU,1529809200,59.14,68.9,62.23,80,87,11.23
vaini,IN,1529808042,15.34,74.49,68.8,100,100,3.62
vaitape,PF,1529809282,-16.52,-151.75,80.86,0,99,12.8
vanavara,RU,1529808433,60.35,102.28,75.91,0,53,3.74
vao,EE,1529809043,59.1,26.19,52.15,68,84,5.53
varhaug,NO,1529805000,58.61,5.65,51.8,75,93,8.05
velikovechnoye,RU,1529807400,44.94,39.76,68,20,100,2.24
venancio aires,BR,1529809297,-29.61,-52.19,64.3,92,87,3.96
veraval,FR,1529807400,49.65,0.71,55.4,0,81,7.76
verkhnevilyuysk,RU,1529809322,63.45,120.31,72.04,0,47,3.51
vestmanna,FO,1529806800,62.16,-7.17,50,92,100,8.05
vestmannaeyjar,IS,1529808494,63.44,-20.27,47.29,92,100,6.98
victor harbor,AU,1529805600,-35.55,138.62,57.2,75,76,4.7
victoria,BN,1529805600,5.28,115.24,84.2,75,83,5.82
vieste,IT,1529809230,41.88,16.18,69.97,0,100,13.91
vila franca do campo,PT,1529807400,37.72,-25.43,66.2,75,77,6.93
vila velha,BR,1529805600,-3.71,-38.6,80.6,0,65,12.75
vitim,RU,1529809292,59.44,112.57,71.95,36,61,5.97
vokhma,RU,1529809242,58.93,46.76,73.21,8,71,3.51
volodarka,UA,1529809323,49.52,29.93,50.44,8,95,9.89
vrangel,RU,1529809237,42.73,133.08,63.49,0,77,5.41
vuktyl,RU,1529809283,63.86,57.31,68.44,0,60,3.51
waingapu,ID,1529809329,-9.65,120.26,84.01,0,55,14.03
waitara,NZ,1529809369,-39,174.24,53.86,92,100,24.54
walvis bay,NA,1529805600,-22.95,14.51,50,0,87,1.12
wanning,AT,1529806800,48.64,13.53,53.6,75,76,8.05
weihai,CN,1529809289,37.5,122.11,71.95,0,85,7.99
westport,IE,1529809055,53.8,-9.52,42.79,0,100,0.49
whitehorse,CA,1529805600,60.72,-135.06,69.8,20,26,12.75
whitianga,NZ,1529809285,-36.83,175.7,58.36,24,100,19.28
winslow,GB,1529806800,51.94,-0.88,57.2,20,58,4.7
wrzesnia,PL,1529807400,52.33,17.57,53.6,40,87,11.41
xining,CN,1529809337,36.62,101.77,69.61,12,47,3.06
xinyang,CN,1529809246,32.13,114.07,80.86,88,90,9.1
yagodnoye,RU,1529809219,62.52,149.63,68.35,92,32,2.95
yakeshi,CN,1529809312,49.28,120.73,66.64,92,69,16.49
yar-sale,RU,1529808276,66.83,70.83,50.35,0,72,18.05
yarke pole,UA,1529809254,45.61,34.32,63.67,12,66,14.7
yatou,CM,1529805600,3.63,9.81,73.4,40,100,2.24
yellowknife,CA,1529805600,62.45,-114.38,66.2,75,88,6.93
yeppoon,AU,1529807400,-23.13,150.74,75.2,0,31,9.17
yevlax,AZ,1529809314,40.61,47.15,69.97,0,66,2.73
yingcheng,CN,1529805600,30.93,113.57,84.2,40,74,6.71
yining,CN,1529809059,29.04,114.56,82.3,88,85,3.29
yulara,AU,1529805600,-25.24,130.99,59,0,30,12.75
yuza,JP,1529805600,39.05,139.95,77,20,53,16.11
zaltan,LY,1529809336,32.95,11.87,72.94,0,82,5.53
zhanakorgan,KZ,1529809309,43.91,67.25,74.56,0,33,6.31
zhigansk,RU,1529808317,66.77,123.37,76.27,12,35,2.06
zyryanka,RU,1529809370,65.73,150.89,68.8,0,34,6.2
